timestamp,origin,destination,departure_date,return_date,trip_length_days,cabin_class,passengers,lowest_price_mxn,airline,stops,duration,url
2026-05-22 18:17:48,MEX,MAD,2026-09-01,2026-09-08,7,economy,1,15410,British Airways,Nonstop,10 hr 35 min,https://www.google.com/travel/flights?q=Flights%20from%20MEX%20to%20MAD%20on%202026-09-01%20returning%202026-09-08%20economy%20class%201%20passenger
2026-05-22 18:18:14,MEX,MAD,2026-09-01,2026-09-09,8,economy,1,15410,British Airways,Nonstop,10 hr 35 min,https://www.google.com/travel/flights?q=Flights%20from%20MEX%20to%20MAD%20on%202026-09-01%20returning%202026-09-09%20economy%20class%201%20passenger
2026-05-22 18:18:40,MEX,MAD,2026-09-02,2026-09-09,7,economy,1,15410,British Airways,Nonstop,10 hr 35 min,https://www.google.com/travel/flights?q=Flights%20from%20MEX%20to%20MAD%20on%202026-09-02%20returning%202026-09-09%20economy%20class%201%20passenger
2026-05-22 18:19:06,MEX,MAD,2026-09-02,2026-09-10,8,economy,1,15410,British Airways,Nonstop,10 hr 35 min,https://www.google.com/travel/flights?q=Flights%20from%20MEX%20to%20MAD%20on%202026-09-02%20returning%202026-09-10%20economy%20class%201%20passenger
2026-05-22 18:19:32,MEX,MAD,2026-09-03,2026-09-10,7,economy,1,16130,British Airways,Nonstop,10 hr 35 min,https://www.google.com/travel/flights?q=Flights%20from%20MEX%20to%20MAD%20on%202026-09-03%20returning%202026-09-10%20economy%20class%201%20passenger
2026-05-22 18:19:58,MEX,MAD,2026-09-01,2026-09-08,7,business,1,43989,Air France,1 stop,16 hr,https://www.google.com/travel/flights?q=Flights%20from%20MEX%20to%20MAD%20on%202026-09-01%20returning%202026-09-08%20business%20class%201%20passenger
2026-05-22 18:20:24,MEX,MAD,2026-09-01,2026-09-09,8,business,1,43848,Air France,1 stop,16 hr,https://www.google.com/travel/flights?q=Flights%20from%20MEX%20to%20MAD%20on%202026-09-01%20returning%202026-09-09%20business%20class%201%20passenger
2026-05-22 18:20:50,MEX,MAD,2026-09-02,2026-09-09,7,business,1,50940,Lufthansa,1 stop,16 hr 35 min,https://www.google.com/travel/flights?q=Flights%20from%20MEX%20to%20MAD%20on%202026-09-02%20returning%202026-09-09%20business%20class%201%20passenger
2026-05-22 18:21:16,MEX,MAD,2026-09-02,2026-09-10,8,business,1,51024,Lufthansa,1 stop,16 hr 35 min,https://www.google.com/travel/flights?q=Flights%20from%20MEX%20to%20MAD%20on%202026-09-02%20returning%202026-09-10%20business%20class%201%20passenger
2026-05-22 18:21:41,MEX,MAD,2026-09-03,2026-09-10,7,business,1,51024,Lufthansa,1 stop,16 hr 35 min,https://www.google.com/travel/flights?q=Flights%20from%20MEX%20to%20MAD%20on%202026-09-03%20returning%202026-09-10%20business%20class%201%20passenger
2026-05-22 22:28:29,MEX,EDI,2026-09-01,2026-09-08,7,economy,1,20277,Air France,1 stop,19 hr,https://www.google.com/travel/flights?q=Flights%20from%20MEX%20to%20EDI%20on%202026-09-01%20returning%202026-09-08%20economy%20class%201%20passenger
2026-05-22 22:28:55,MEX,EDI,2026-09-01,2026-09-09,8,economy,1,20277,Air France,1 stop,19 hr,https://www.google.com/travel/flights?q=Flights%20from%20MEX%20to%20EDI%20on%202026-09-01%20returning%202026-09-09%20economy%20class%201%20passenger
2026-05-22 22:29:21,MEX,EDI,2026-09-02,2026-09-09,7,economy,1,24232,Air France,1 stop,18 hr 25 min,https://www.google.com/travel/flights?q=Flights%20from%20MEX%20to%20EDI%20on%202026-09-02%20returning%202026-09-09%20economy%20class%201%20passenger
2026-05-22 22:29:47,MEX,EDI,2026-09-02,2026-09-10,8,economy,1,24209,Lufthansa,1 stop,18 hr 25 min,https://www.google.com/travel/flights?q=Flights%20from%20MEX%20to%20EDI%20on%202026-09-02%20returning%202026-09-10%20economy%20class%201%20passenger
2026-05-22 22:30:13,MEX,EDI,2026-09-03,2026-09-10,7,economy,1,24317,Lufthansa,1 stop,12 hr 25 min,https://www.google.com/travel/flights?q=Flights%20from%20MEX%20to%20EDI%20on%202026-09-03%20returning%202026-09-10%20economy%20class%201%20passenger
2026-05-22 22:30:39,MEX,EDI,2026-09-01,2026-09-08,7,business,1,64498,British Airways,1 stop,14 hr 30 min,https://www.google.com/travel/flights?q=Flights%20from%20MEX%20to%20EDI%20on%202026-09-01%20returning%202026-09-08%20business%20class%201%20passenger
2026-05-22 22:31:04,MEX,EDI,2026-09-01,2026-09-09,8,business,1,63686,British Airways,1 stop,24 hr 10 min,https://www.google.com/travel/flights?q=Flights%20from%20MEX%20to%20EDI%20on%202026-09-01%20returning%202026-09-09%20business%20class%201%20passenger
2026-05-22 22:31:30,MEX,EDI,2026-09-02,2026-09-09,7,business,1,64180,British Airways,1 stop,13 hr 35 min,https://www.google.com/travel/flights?q=Flights%20from%20MEX%20to%20EDI%20on%202026-09-02%20returning%202026-09-09%20business%20class%201%20passenger
2026-05-22 22:31:56,MEX,EDI,2026-09-02,2026-09-10,8,business,1,64373,British Airways,1 stop,13 hr 35 min,https://www.google.com/travel/flights?q=Flights%20from%20MEX%20to%20EDI%20on%202026-09-02%20returning%202026-09-10%20business%20class%201%20passenger
2026-05-22 22:32:22,MEX,EDI,2026-09-03,2026-09-10,7,business,1,77146,British Airways,1 stop,13 hr 50 min,https://www.google.com/travel/flights?q=Flights%20from%20MEX%20to%20EDI%20on%202026-09-03%20returning%202026-09-10%20business%20class%201%20passenger
2026-05-22 23:29:05,MEX,CDG,2026-09-01,2026-09-08,7,economy,1,16519,Aeromexico,Nonstop,10 hr 55 min,https://www.google.com/travel/flights?q=Flights%20from%20MEX%20to%20CDG%20on%202026-09-01%20returning%202026-09-08%20economy%20class%201%20passenger
2026-05-22 23:29:31,MEX,CDG,2026-09-01,2026-09-09,8,economy,1,16519,Aeromexico,Nonstop,10 hr 55 min,https://www.google.com/travel/flights?q=Flights%20from%20MEX%20to%20CDG%20on%202026-09-01%20returning%202026-09-09%20economy%20class%201%20passenger
2026-05-22 23:29:57,MEX,CDG,2026-09-02,2026-09-09,7,economy,1,17146,Air France,1 stop,16 hr,https://www.google.com/travel/flights?q=Flights%20from%20MEX%20to%20CDG%20on%202026-09-02%20returning%202026-09-09%20economy%20class%201%20passenger
2026-05-22 23:30:23,MEX,CDG,2026-09-02,2026-09-10,8,economy,1,17146,Air France,1 stop,16 hr,https://www.google.com/travel/flights?q=Flights%20from%20MEX%20to%20CDG%20on%202026-09-02%20returning%202026-09-10%20economy%20class%201%20passenger
2026-05-22 23:30:49,MEX,CDG,2026-09-03,2026-09-10,7,economy,1,19736,Aeromexico,Nonstop,10 hr 45 min,https://www.google.com/travel/flights?q=Flights%20from%20MEX%20to%20CDG%20on%202026-09-03%20returning%202026-09-10%20economy%20class%201%20passenger
2026-05-22 23:31:15,MEX,CDG,2026-09-01,2026-09-08,7,business,1,71542,Aeromexico,Nonstop,10 hr 45 min,https://www.google.com/travel/flights?q=Flights%20from%20MEX%20to%20CDG%20on%202026-09-01%20returning%202026-09-08%20business%20class%201%20passenger
2026-05-22 23:31:41,MEX,CDG,2026-09-01,2026-09-09,8,business,1,71542,Aeromexico,Nonstop,10 hr 45 min,https://www.google.com/travel/flights?q=Flights%20from%20MEX%20to%20CDG%20on%202026-09-01%20returning%202026-09-09%20business%20class%201%20passenger
2026-05-22 23:32:06,MEX,CDG,2026-09-02,2026-09-09,7,business,1,71548,Aeromexico,Nonstop,10 hr 45 min,https://www.google.com/travel/flights?q=Flights%20from%20MEX%20to%20CDG%20on%202026-09-02%20returning%202026-09-09%20business%20class%201%20passenger
2026-05-22 23:32:32,MEX,CDG,2026-09-02,2026-09-10,8,business,1,71548,Aeromexico,Nonstop,10 hr 45 min,https://www.google.com/travel/flights?q=Flights%20from%20MEX%20to%20CDG%20on%202026-09-02%20returning%202026-09-10%20business%20class%201%20passenger
2026-05-22 23:32:58,MEX,CDG,2026-09-03,2026-09-10,7,business,1,65980,Aeromexico,1 stop,16 hr 10 min,https://www.google.com/travel/flights?q=Flights%20from%20MEX%20to%20CDG%20on%202026-09-03%20returning%202026-09-10%20business%20class%201%20passenger
2026-05-23 00:19:48,MEX,CDG,2026-09-01,2026-09-08,7,economy,1,16553,Aeromexico,Nonstop,10 hr 55 min,https://www.google.com/travel/flights?q=Flights%20from%20MEX%20to%20CDG%20on%202026-09-01%20returning%202026-09-08%20economy%20class%201%20passenger
2026-05-23 00:20:14,MEX,CDG,2026-09-01,2026-09-09,8,economy,1,16553,Aeromexico,Nonstop,10 hr 55 min,https://www.google.com/travel/flights?q=Flights%20from%20MEX%20to%20CDG%20on%202026-09-01%20returning%202026-09-09%20economy%20class%201%20passenger
2026-05-23 00:20:40,MEX,CDG,2026-09-02,2026-09-09,7,economy,1,17182,Air France,1 stop,16 hr,https://www.google.com/travel/flights?q=Flights%20from%20MEX%20to%20CDG%20on%202026-09-02%20returning%202026-09-09%20economy%20class%201%20passenger
2026-05-23 00:21:06,MEX,CDG,2026-09-02,2026-09-10,8,economy,1,17182,Air France,1 stop,16 hr,https://www.google.com/travel/flights?q=Flights%20from%20MEX%20to%20CDG%20on%202026-09-02%20returning%202026-09-10%20economy%20class%201%20passenger
2026-05-23 00:21:32,MEX,CDG,2026-09-03,2026-09-10,7,economy,1,19785,Air France,1 stop,14 hr 10 min,https://www.google.com/travel/flights?q=Flights%20from%20MEX%20to%20CDG%20on%202026-09-03%20returning%202026-09-10%20economy%20class%201%20passenger
2026-05-23 00:21:58,MEX,CDG,2026-09-01,2026-09-08,7,business,1,71542,Aeromexico,Nonstop,10 hr 45 min,https://www.google.com/travel/flights?q=Flights%20from%20MEX%20to%20CDG%20on%202026-09-01%20returning%202026-09-08%20business%20class%201%20passenger
2026-05-23 00:22:23,MEX,CDG,2026-09-01,2026-09-09,8,business,1,71542,Aeromexico,Nonstop,10 hr 45 min,https://www.google.com/travel/flights?q=Flights%20from%20MEX%20to%20CDG%20on%202026-09-01%20returning%202026-09-09%20business%20class%201%20passenger
2026-05-23 00:22:49,MEX,CDG,2026-09-02,2026-09-09,7,business,1,71548,Aeromexico,Nonstop,10 hr 45 min,https://www.google.com/travel/flights?q=Flights%20from%20MEX%20to%20CDG%20on%202026-09-02%20returning%202026-09-09%20business%20class%201%20passenger
2026-05-23 00:23:15,MEX,CDG,2026-09-02,2026-09-10,8,business,1,71548,Aeromexico,Nonstop,10 hr 45 min,https://www.google.com/travel/flights?q=Flights%20from%20MEX%20to%20CDG%20on%202026-09-02%20returning%202026-09-10%20business%20class%201%20passenger
2026-05-23 00:23:41,MEX,CDG,2026-09-03,2026-09-10,7,business,1,65980,Aeromexico,1 stop,16 hr 10 min,https://www.google.com/travel/flights?q=Flights%20from%20MEX%20to%20CDG%20on%202026-09-03%20returning%202026-09-10%20business%20class%201%20passenger
2026-05-23 00:53:44,MEX,CDG,2026-09-01,2026-09-08,7,economy,1,16553,Aeromexico,Nonstop,10 hr 55 min,https://www.google.com/travel/flights?q=Flights%20from%20MEX%20to%20CDG%20on%202026-09-01%20returning%202026-09-08%20economy%20class%201%20passenger
2026-05-23 00:54:10,MEX,CDG,2026-09-01,2026-09-09,8,economy,1,16553,Aeromexico,Nonstop,10 hr 55 min,https://www.google.com/travel/flights?q=Flights%20from%20MEX%20to%20CDG%20on%202026-09-01%20returning%202026-09-09%20economy%20class%201%20passenger
2026-05-23 00:54:36,MEX,CDG,2026-09-02,2026-09-09,7,economy,1,17182,Air France,1 stop,16 hr,https://www.google.com/travel/flights?q=Flights%20from%20MEX%20to%20CDG%20on%202026-09-02%20returning%202026-09-09%20economy%20class%201%20passenger
2026-05-23 00:55:03,MEX,CDG,2026-09-02,2026-09-10,8,economy,1,17182,Air France,1 stop,16 hr,https://www.google.com/travel/flights?q=Flights%20from%20MEX%20to%20CDG%20on%202026-09-02%20returning%202026-09-10%20economy%20class%201%20passenger
2026-05-23 00:55:29,MEX,CDG,2026-09-03,2026-09-10,7,economy,1,19785,Air France,1 stop,14 hr 10 min,https://www.google.com/travel/flights?q=Flights%20from%20MEX%20to%20CDG%20on%202026-09-03%20returning%202026-09-10%20economy%20class%201%20passenger
2026-05-23 00:55:55,MEX,CDG,2026-09-01,2026-09-08,7,business,1,71542,Aeromexico,Nonstop,10 hr 45 min,https://www.google.com/travel/flights?q=Flights%20from%20MEX%20to%20CDG%20on%202026-09-01%20returning%202026-09-08%20business%20class%201%20passenger
2026-05-23 00:56:21,MEX,CDG,2026-09-01,2026-09-09,8,business,1,71542,Aeromexico,Nonstop,10 hr 45 min,https://www.google.com/travel/flights?q=Flights%20from%20MEX%20to%20CDG%20on%202026-09-01%20returning%202026-09-09%20business%20class%201%20passenger
2026-05-23 00:56:47,MEX,CDG,2026-09-02,2026-09-09,7,business,1,71548,Aeromexico,Nonstop,10 hr 45 min,https://www.google.com/travel/flights?q=Flights%20from%20MEX%20to%20CDG%20on%202026-09-02%20returning%202026-09-09%20business%20class%201%20passenger
2026-05-23 00:57:13,MEX,CDG,2026-09-02,2026-09-10,8,business,1,71548,Aeromexico,Nonstop,10 hr 45 min,https://www.google.com/travel/flights?q=Flights%20from%20MEX%20to%20CDG%20on%202026-09-02%20returning%202026-09-10%20business%20class%201%20passenger
2026-05-23 00:57:39,MEX,CDG,2026-09-03,2026-09-10,7,business,1,65980,Aeromexico,1 stop,16 hr 10 min,https://www.google.com/travel/flights?q=Flights%20from%20MEX%20to%20CDG%20on%202026-09-03%20returning%202026-09-10%20business%20class%201%20passenger
2026-05-23 01:04:27,MEX,AMS,2026-09-01,2026-09-08,7,economy,1,16726,Air France,1 stop,14 hr 45 min,https://www.google.com/travel/flights?q=Flights%20from%20MEX%20to%20AMS%20on%202026-09-01%20returning%202026-09-08%20economy%20class%201%20passenger
2026-05-23 01:04:53,MEX,AMS,2026-09-01,2026-09-09,8,economy,1,16726,Air France,1 stop,14 hr 45 min,https://www.google.com/travel/flights?q=Flights%20from%20MEX%20to%20AMS%20on%202026-09-01%20returning%202026-09-09%20economy%20class%201%20passenger
2026-05-23 01:05:19,MEX,AMS,2026-09-02,2026-09-09,7,economy,1,16885,Air France,1 stop,14 hr 55 min,https://www.google.com/travel/flights?q=Flights%20from%20MEX%20to%20AMS%20on%202026-09-02%20returning%202026-09-09%20economy%20class%201%20passenger
2026-05-23 01:05:45,MEX,AMS,2026-09-02,2026-09-10,8,economy,1,16885,Aeromexico,1 stop,14 hr 55 min,https://www.google.com/travel/flights?q=Flights%20from%20MEX%20to%20AMS%20on%202026-09-02%20returning%202026-09-10%20economy%20class%201%20passenger
2026-05-23 01:06:11,MEX,AMS,2026-09-03,2026-09-10,7,economy,1,16885,Aeromexico,1 stop,15 hr 15 min,https://www.google.com/travel/flights?q=Flights%20from%20MEX%20to%20AMS%20on%202026-09-03%20returning%202026-09-10%20economy%20class%201%20passenger
2026-05-23 01:06:40,MEX,AMS,2026-09-01,2026-09-08,7,business,1,47902,Lufthansa,1 stop,20 hr,https://www.google.com/travel/flights?q=Flights%20from%20MEX%20to%20AMS%20on%202026-09-01%20returning%202026-09-08%20business%20class%201%20passenger
2026-05-23 01:07:06,MEX,AMS,2026-09-01,2026-09-09,8,business,1,47902,Lufthansa,1 stop,20 hr,https://www.google.com/travel/flights?q=Flights%20from%20MEX%20to%20AMS%20on%202026-09-01%20returning%202026-09-09%20business%20class%201%20passenger
2026-05-23 01:07:32,MEX,AMS,2026-09-02,2026-09-09,7,business,1,47902,British Airways,1 stop,20 hr,https://www.google.com/travel/flights?q=Flights%20from%20MEX%20to%20AMS%20on%202026-09-02%20returning%202026-09-09%20business%20class%201%20passenger
2026-05-23 01:07:58,MEX,AMS,2026-09-02,2026-09-10,8,business,1,47902,British Airways,1 stop,20 hr,https://www.google.com/travel/flights?q=Flights%20from%20MEX%20to%20AMS%20on%202026-09-02%20returning%202026-09-10%20business%20class%201%20passenger
2026-05-23 01:08:23,MEX,AMS,2026-09-03,2026-09-10,7,business,1,46931,Aeromexico,1 stop,20 hr,https://www.google.com/travel/flights?q=Flights%20from%20MEX%20to%20AMS%20on%202026-09-03%20returning%202026-09-10%20business%20class%201%20passenger
2026-05-23 01:22:33,MEX,AMS,2026-09-01,2026-09-08,7,economy,1,16726,Air France,1 stop,14 hr 45 min,https://www.google.com/travel/flights?q=Flights%20from%20MEX%20to%20AMS%20on%202026-09-01%20returning%202026-09-08%20economy%20class%201%20passenger
2026-05-23 01:22:59,MEX,AMS,2026-09-01,2026-09-09,8,economy,1,16726,Air France,1 stop,14 hr 45 min,https://www.google.com/travel/flights?q=Flights%20from%20MEX%20to%20AMS%20on%202026-09-01%20returning%202026-09-09%20economy%20class%201%20passenger
2026-05-23 01:23:24,MEX,AMS,2026-09-02,2026-09-09,7,economy,1,16885,Air France,1 stop,14 hr 55 min,https://www.google.com/travel/flights?q=Flights%20from%20MEX%20to%20AMS%20on%202026-09-02%20returning%202026-09-09%20economy%20class%201%20passenger
2026-05-23 01:23:50,MEX,AMS,2026-09-02,2026-09-10,8,economy,1,16885,Aeromexico,1 stop,14 hr 55 min,https://www.google.com/travel/flights?q=Flights%20from%20MEX%20to%20AMS%20on%202026-09-02%20returning%202026-09-10%20economy%20class%201%20passenger
2026-05-23 01:24:16,MEX,AMS,2026-09-03,2026-09-10,7,economy,1,16885,Aeromexico,1 stop,15 hr 15 min,https://www.google.com/travel/flights?q=Flights%20from%20MEX%20to%20AMS%20on%202026-09-03%20returning%202026-09-10%20economy%20class%201%20passenger
2026-05-23 01:24:42,MEX,AMS,2026-09-01,2026-09-08,7,business,1,47902,Lufthansa,1 stop,20 hr,https://www.google.com/travel/flights?q=Flights%20from%20MEX%20to%20AMS%20on%202026-09-01%20returning%202026-09-08%20business%20class%201%20passenger
2026-05-23 01:25:08,MEX,AMS,2026-09-01,2026-09-09,8,business,1,47902,Lufthansa,1 stop,20 hr,https://www.google.com/travel/flights?q=Flights%20from%20MEX%20to%20AMS%20on%202026-09-01%20returning%202026-09-09%20business%20class%201%20passenger
2026-05-23 01:25:34,MEX,AMS,2026-09-02,2026-09-09,7,business,1,47902,British Airways,1 stop,20 hr,https://www.google.com/travel/flights?q=Flights%20from%20MEX%20to%20AMS%20on%202026-09-02%20returning%202026-09-09%20business%20class%201%20passenger
2026-05-23 01:26:00,MEX,AMS,2026-09-02,2026-09-10,8,business,1,47902,British Airways,1 stop,20 hr,https://www.google.com/travel/flights?q=Flights%20from%20MEX%20to%20AMS%20on%202026-09-02%20returning%202026-09-10%20business%20class%201%20passenger
2026-05-23 01:26:26,MEX,AMS,2026-09-03,2026-09-10,7,business,1,46931,Aeromexico,1 stop,20 hr,https://www.google.com/travel/flights?q=Flights%20from%20MEX%20to%20AMS%20on%202026-09-03%20returning%202026-09-10%20business%20class%201%20passenger
2026-05-23 01:39:36,MEX,FCO,2026-09-01,2026-09-08,7,economy,1,16981,Iberia,1 stop,15 hr 15 min,https://www.google.com/travel/flights?q=Flights%20from%20MEX%20to%20FCO%20on%202026-09-01%20returning%202026-09-08%20economy%20class%201%20passenger
2026-05-23 01:40:02,MEX,FCO,2026-09-01,2026-09-09,8,economy,1,16981,Iberia,1 stop,15 hr 15 min,https://www.google.com/travel/flights?q=Flights%20from%20MEX%20to%20FCO%20on%202026-09-01%20returning%202026-09-09%20economy%20class%201%20passenger
2026-05-23 01:40:28,MEX,FCO,2026-09-02,2026-09-09,7,economy,1,16981,Iberia,1 stop,15 hr 15 min,https://www.google.com/travel/flights?q=Flights%20from%20MEX%20to%20FCO%20on%202026-09-02%20returning%202026-09-09%20economy%20class%201%20passenger
2026-05-23 01:40:54,MEX,FCO,2026-09-02,2026-09-10,8,economy,1,16981,Iberia,1 stop,15 hr 15 min,https://www.google.com/travel/flights?q=Flights%20from%20MEX%20to%20FCO%20on%202026-09-02%20returning%202026-09-10%20economy%20class%201%20passenger
2026-05-23 01:41:20,MEX,FCO,2026-09-03,2026-09-10,7,economy,1,16981,Lufthansa,1 stop,16 hr 20 min,https://www.google.com/travel/flights?q=Flights%20from%20MEX%20to%20FCO%20on%202026-09-03%20returning%202026-09-10%20economy%20class%201%20passenger
2026-05-23 01:41:46,MEX,FCO,2026-09-01,2026-09-08,7,business,1,68900,British Airways,1 stop,16 hr 35 min,https://www.google.com/travel/flights?q=Flights%20from%20MEX%20to%20FCO%20on%202026-09-01%20returning%202026-09-08%20business%20class%201%20passenger
2026-05-23 01:42:12,MEX,FCO,2026-09-01,2026-09-09,8,business,1,68900,British Airways,1 stop,16 hr 35 min,https://www.google.com/travel/flights?q=Flights%20from%20MEX%20to%20FCO%20on%202026-09-01%20returning%202026-09-09%20business%20class%201%20passenger
2026-05-23 01:42:37,MEX,FCO,2026-09-02,2026-09-09,7,business,1,68900,British Airways,1 stop,16 hr 55 min,https://www.google.com/travel/flights?q=Flights%20from%20MEX%20to%20FCO%20on%202026-09-02%20returning%202026-09-09%20business%20class%201%20passenger
2026-05-23 01:43:03,MEX,FCO,2026-09-02,2026-09-10,8,business,1,68900,British Airways,1 stop,16 hr 55 min,https://www.google.com/travel/flights?q=Flights%20from%20MEX%20to%20FCO%20on%202026-09-02%20returning%202026-09-10%20business%20class%201%20passenger
2026-05-23 01:43:29,MEX,FCO,2026-09-03,2026-09-10,7,business,1,68883,British Airways,1 stop,31 hr 30 min,https://www.google.com/travel/flights?q=Flights%20from%20MEX%20to%20FCO%20on%202026-09-03%20returning%202026-09-10%20business%20class%201%20passenger
2026-05-23 01:49:35,MEX,FCO,2026-09-01,2026-09-08,7,economy,1,16981,Iberia,1 stop,15 hr 15 min,https://www.google.com/travel/flights?q=Flights%20from%20MEX%20to%20FCO%20on%202026-09-01%20returning%202026-09-08%20economy%20class%201%20passenger
2026-05-23 01:50:01,MEX,FCO,2026-09-01,2026-09-09,8,economy,1,16981,Iberia,1 stop,15 hr 15 min,https://www.google.com/travel/flights?q=Flights%20from%20MEX%20to%20FCO%20on%202026-09-01%20returning%202026-09-09%20economy%20class%201%20passenger
2026-05-23 01:50:27,MEX,FCO,2026-09-02,2026-09-09,7,economy,1,16981,Iberia,1 stop,15 hr 15 min,https://www.google.com/travel/flights?q=Flights%20from%20MEX%20to%20FCO%20on%202026-09-02%20returning%202026-09-09%20economy%20class%201%20passenger
2026-05-23 01:50:53,MEX,FCO,2026-09-02,2026-09-10,8,economy,1,16981,Iberia,1 stop,15 hr 15 min,https://www.google.com/travel/flights?q=Flights%20from%20MEX%20to%20FCO%20on%202026-09-02%20returning%202026-09-10%20economy%20class%201%20passenger
2026-05-23 01:51:19,MEX,FCO,2026-09-03,2026-09-10,7,economy,1,16981,Lufthansa,1 stop,16 hr 20 min,https://www.google.com/travel/flights?q=Flights%20from%20MEX%20to%20FCO%20on%202026-09-03%20returning%202026-09-10%20economy%20class%201%20passenger
2026-05-23 01:51:45,MEX,FCO,2026-09-01,2026-09-08,7,business,1,68900,British Airways,1 stop,16 hr 35 min,https://www.google.com/travel/flights?q=Flights%20from%20MEX%20to%20FCO%20on%202026-09-01%20returning%202026-09-08%20business%20class%201%20passenger
2026-05-23 01:52:11,MEX,FCO,2026-09-01,2026-09-09,8,business,1,68900,British Airways,1 stop,16 hr 35 min,https://www.google.com/travel/flights?q=Flights%20from%20MEX%20to%20FCO%20on%202026-09-01%20returning%202026-09-09%20business%20class%201%20passenger
2026-05-23 01:52:36,MEX,FCO,2026-09-02,2026-09-09,7,business,1,68900,British Airways,1 stop,16 hr 55 min,https://www.google.com/travel/flights?q=Flights%20from%20MEX%20to%20FCO%20on%202026-09-02%20returning%202026-09-09%20business%20class%201%20passenger
2026-05-23 01:53:02,MEX,FCO,2026-09-02,2026-09-10,8,business,1,68900,British Airways,1 stop,16 hr 55 min,https://www.google.com/travel/flights?q=Flights%20from%20MEX%20to%20FCO%20on%202026-09-02%20returning%202026-09-10%20business%20class%201%20passenger
2026-05-23 01:53:28,MEX,FCO,2026-09-03,2026-09-10,7,business,1,68883,British Airways,1 stop,31 hr 30 min,https://www.google.com/travel/flights?q=Flights%20from%20MEX%20to%20FCO%20on%202026-09-03%20returning%202026-09-10%20business%20class%201%20passenger
2026-05-23 10:03:59,MEX,FCO,2026-09-01,2026-09-08,7,economy,1,16981,Iberia,1 stop,15 hr 15 min,https://www.google.com/travel/flights?q=Flights%20from%20MEX%20to%20FCO%20on%202026-09-01%20returning%202026-09-08%20economy%20class%201%20passenger
2026-05-23 10:04:26,MEX,FCO,2026-09-01,2026-09-09,8,economy,1,16981,Iberia,1 stop,15 hr 15 min,https://www.google.com/travel/flights?q=Flights%20from%20MEX%20to%20FCO%20on%202026-09-01%20returning%202026-09-09%20economy%20class%201%20passenger
2026-05-23 10:04:52,MEX,FCO,2026-09-02,2026-09-09,7,economy,1,16981,Iberia,1 stop,15 hr 55 min,https://www.google.com/travel/flights?q=Flights%20from%20MEX%20to%20FCO%20on%202026-09-02%20returning%202026-09-09%20economy%20class%201%20passenger
2026-05-23 10:05:18,MEX,FCO,2026-09-02,2026-09-10,8,economy,1,16981,Iberia,1 stop,15 hr 55 min,https://www.google.com/travel/flights?q=Flights%20from%20MEX%20to%20FCO%20on%202026-09-02%20returning%202026-09-10%20economy%20class%201%20passenger
2026-05-23 10:05:44,MEX,FCO,2026-09-03,2026-09-10,7,economy,1,16981,Iberia,1 stop,15 hr 55 min,https://www.google.com/travel/flights?q=Flights%20from%20MEX%20to%20FCO%20on%202026-09-03%20returning%202026-09-10%20economy%20class%201%20passenger
2026-05-23 10:06:10,MEX,FCO,2026-09-01,2026-09-08,7,business,1,68900,British Airways,1 stop,16 hr 35 min,https://www.google.com/travel/flights?q=Flights%20from%20MEX%20to%20FCO%20on%202026-09-01%20returning%202026-09-08%20business%20class%201%20passenger
2026-05-23 10:06:36,MEX,FCO,2026-09-01,2026-09-09,8,business,1,68900,British Airways,1 stop,16 hr 35 min,https://www.google.com/travel/flights?q=Flights%20from%20MEX%20to%20FCO%20on%202026-09-01%20returning%202026-09-09%20business%20class%201%20passenger
2026-05-23 10:07:02,MEX,FCO,2026-09-02,2026-09-09,7,business,1,69027,British Airways,1 stop,16 hr 55 min,https://www.google.com/travel/flights?q=Flights%20from%20MEX%20to%20FCO%20on%202026-09-02%20returning%202026-09-09%20business%20class%201%20passenger
2026-05-23 10:07:28,MEX,FCO,2026-09-02,2026-09-10,8,business,1,69027,British Airways,1 stop,16 hr 55 min,https://www.google.com/travel/flights?q=Flights%20from%20MEX%20to%20FCO%20on%202026-09-02%20returning%202026-09-10%20business%20class%201%20passenger
2026-05-23 10:07:54,MEX,FCO,2026-09-03,2026-09-10,7,business,1,72921,Aeromexico,1 stop,20 hr 25 min,https://www.google.com/travel/flights?q=Flights%20from%20MEX%20to%20FCO%20on%202026-09-03%20returning%202026-09-10%20business%20class%201%20passenger
2026-05-23 10:08:20,MEX,AMS,2026-09-01,2026-09-08,7,economy,1,16726,Air France,1 stop,14 hr 45 min,https://www.google.com/travel/flights?q=Flights%20from%20MEX%20to%20AMS%20on%202026-09-01%20returning%202026-09-08%20economy%20class%201%20passenger
2026-05-23 10:08:45,MEX,AMS,2026-09-01,2026-09-09,8,economy,1,16726,Air France,1 stop,14 hr 45 min,https://www.google.com/travel/flights?q=Flights%20from%20MEX%20to%20AMS%20on%202026-09-01%20returning%202026-09-09%20economy%20class%201%20passenger
2026-05-23 10:09:11,MEX,AMS,2026-09-02,2026-09-09,7,economy,1,16885,Air France,1 stop,13 hr 20 min,https://www.google.com/travel/flights?q=Flights%20from%20MEX%20to%20AMS%20on%202026-09-02%20returning%202026-09-09%20economy%20class%201%20passenger
2026-05-23 10:09:37,MEX,AMS,2026-09-02,2026-09-10,8,economy,1,16885,Aeromexico,1 stop,13 hr 20 min,https://www.google.com/travel/flights?q=Flights%20from%20MEX%20to%20AMS%20on%202026-09-02%20returning%202026-09-10%20economy%20class%201%20passenger
2026-05-23 10:10:03,MEX,AMS,2026-09-03,2026-09-10,7,economy,1,16885,Aeromexico,1 stop,15 hr 20 min,https://www.google.com/travel/flights?q=Flights%20from%20MEX%20to%20AMS%20on%202026-09-03%20returning%202026-09-10%20economy%20class%201%20passenger
2026-05-23 10:10:29,MEX,AMS,2026-09-01,2026-09-08,7,business,1,56943,Air France,1 stop,20 hr,https://www.google.com/travel/flights?q=Flights%20from%20MEX%20to%20AMS%20on%202026-09-01%20returning%202026-09-08%20business%20class%201%20passenger
2026-05-23 10:10:55,MEX,AMS,2026-09-01,2026-09-09,8,business,1,56943,KLM,1 stop,20 hr,https://www.google.com/travel/flights?q=Flights%20from%20MEX%20to%20AMS%20on%202026-09-01%20returning%202026-09-09%20business%20class%201%20passenger
2026-05-23 10:11:20,MEX,AMS,2026-09-02,2026-09-09,7,business,1,59838,Aeromexico,Nonstop,10 hr 55 min,https://www.google.com/travel/flights?q=Flights%20from%20MEX%20to%20AMS%20on%202026-09-02%20returning%202026-09-09%20business%20class%201%20passenger
2026-05-23 10:11:46,MEX,AMS,2026-09-02,2026-09-10,8,business,1,59811,Aeromexico,Nonstop,10 hr 55 min,https://www.google.com/travel/flights?q=Flights%20from%20MEX%20to%20AMS%20on%202026-09-02%20returning%202026-09-10%20business%20class%201%20passenger
2026-05-23 10:12:12,MEX,AMS,2026-09-03,2026-09-10,7,business,1,59811,Aeromexico,Nonstop,10 hr 55 min,https://www.google.com/travel/flights?q=Flights%20from%20MEX%20to%20AMS%20on%202026-09-03%20returning%202026-09-10%20business%20class%201%20passenger
2026-05-23 10:12:38,MEX,CDG,2026-09-01,2026-09-08,7,economy,1,17700,Aeromexico,1 stop,15 hr 33 min,https://www.google.com/travel/flights?q=Flights%20from%20MEX%20to%20CDG%20on%202026-09-01%20returning%202026-09-08%20economy%20class%201%20passenger
2026-05-23 10:13:04,MEX,CDG,2026-09-01,2026-09-09,8,economy,1,17700,Aeromexico,1 stop,15 hr 33 min,https://www.google.com/travel/flights?q=Flights%20from%20MEX%20to%20CDG%20on%202026-09-01%20returning%202026-09-09%20economy%20class%201%20passenger
2026-05-23 10:13:30,MEX,CDG,2026-09-02,2026-09-09,7,economy,1,17182,Air France,1 stop,16 hr,https://www.google.com/travel/flights?q=Flights%20from%20MEX%20to%20CDG%20on%202026-09-02%20returning%202026-09-09%20economy%20class%201%20passenger
2026-05-23 10:13:56,MEX,CDG,2026-09-02,2026-09-10,8,economy,1,17182,Air France,1 stop,16 hr,https://www.google.com/travel/flights?q=Flights%20from%20MEX%20to%20CDG%20on%202026-09-02%20returning%202026-09-10%20economy%20class%201%20passenger
2026-05-23 10:14:22,MEX,CDG,2026-09-03,2026-09-10,7,economy,1,19785,Air France,1 stop,14 hr 25 min,https://www.google.com/travel/flights?q=Flights%20from%20MEX%20to%20CDG%20on%202026-09-03%20returning%202026-09-10%20economy%20class%201%20passenger
2026-05-23 10:14:47,MEX,CDG,2026-09-01,2026-09-08,7,business,1,66351,Aeromexico,1 stop,16 hr 25 min,https://www.google.com/travel/flights?q=Flights%20from%20MEX%20to%20CDG%20on%202026-09-01%20returning%202026-09-08%20business%20class%201%20passenger
2026-05-23 10:15:13,MEX,CDG,2026-09-01,2026-09-09,8,business,1,66351,Aeromexico,1 stop,16 hr 25 min,https://www.google.com/travel/flights?q=Flights%20from%20MEX%20to%20CDG%20on%202026-09-01%20returning%202026-09-09%20business%20class%201%20passenger
2026-05-23 10:15:39,MEX,CDG,2026-09-02,2026-09-09,7,business,1,71548,Aeromexico,Nonstop,10 hr 45 min,https://www.google.com/travel/flights?q=Flights%20from%20MEX%20to%20CDG%20on%202026-09-02%20returning%202026-09-09%20business%20class%201%20passenger
2026-05-23 10:16:05,MEX,CDG,2026-09-02,2026-09-10,8,business,1,66118,Aeromexico,1 stop,27 hr 40 min,https://www.google.com/travel/flights?q=Flights%20from%20MEX%20to%20CDG%20on%202026-09-02%20returning%202026-09-10%20business%20class%201%20passenger
2026-05-23 10:16:31,MEX,CDG,2026-09-03,2026-09-10,7,business,1,66118,Aeromexico,1 stop,16 hr 10 min,https://www.google.com/travel/flights?q=Flights%20from%20MEX%20to%20CDG%20on%202026-09-03%20returning%202026-09-10%20business%20class%201%20passenger
2026-05-23 10:16:56,MEX,EDI,2026-09-01,2026-09-08,7,economy,1,20192,Air France,1 stop,19 hr,https://www.google.com/travel/flights?q=Flights%20from%20MEX%20to%20EDI%20on%202026-09-01%20returning%202026-09-08%20economy%20class%201%20passenger
2026-05-23 10:17:23,MEX,EDI,2026-09-01,2026-09-09,8,economy,1,20192,Air France,1 stop,19 hr,https://www.google.com/travel/flights?q=Flights%20from%20MEX%20to%20EDI%20on%202026-09-01%20returning%202026-09-09%20economy%20class%201%20passenger
2026-05-23 10:17:49,MEX,EDI,2026-09-02,2026-09-09,7,economy,1,24235,Lufthansa,1 stop,18 hr 25 min,https://www.google.com/travel/flights?q=Flights%20from%20MEX%20to%20EDI%20on%202026-09-02%20returning%202026-09-09%20economy%20class%201%20passenger
2026-05-23 10:18:14,MEX,EDI,2026-09-02,2026-09-10,8,economy,1,24235,Lufthansa,1 stop,18 hr 25 min,https://www.google.com/travel/flights?q=Flights%20from%20MEX%20to%20EDI%20on%202026-09-02%20returning%202026-09-10%20economy%20class%201%20passenger
2026-05-23 10:18:40,MEX,EDI,2026-09-03,2026-09-10,7,economy,1,24320,Lufthansa,1 stop,12 hr 25 min,https://www.google.com/travel/flights?q=Flights%20from%20MEX%20to%20EDI%20on%202026-09-03%20returning%202026-09-10%20economy%20class%201%20passenger
2026-05-23 10:19:06,MEX,EDI,2026-09-01,2026-09-08,7,business,1,64271,British Airways,1 stop,14 hr 30 min,https://www.google.com/travel/flights?q=Flights%20from%20MEX%20to%20EDI%20on%202026-09-01%20returning%202026-09-08%20business%20class%201%20passenger
2026-05-23 10:19:32,MEX,EDI,2026-09-01,2026-09-09,8,business,1,64143,British Airways,1 stop,14 hr 30 min,https://www.google.com/travel/flights?q=Flights%20from%20MEX%20to%20EDI%20on%202026-09-01%20returning%202026-09-09%20business%20class%201%20passenger
2026-05-23 10:19:58,MEX,EDI,2026-09-02,2026-09-09,7,business,1,64143,British Airways,1 stop,13 hr 35 min,https://www.google.com/travel/flights?q=Flights%20from%20MEX%20to%20EDI%20on%202026-09-02%20returning%202026-09-09%20business%20class%201%20passenger
2026-05-23 10:20:24,MEX,EDI,2026-09-02,2026-09-10,8,business,1,64271,British Airways,1 stop,13 hr 35 min,https://www.google.com/travel/flights?q=Flights%20from%20MEX%20to%20EDI%20on%202026-09-02%20returning%202026-09-10%20business%20class%201%20passenger
2026-05-23 10:20:50,MEX,EDI,2026-09-03,2026-09-10,7,business,1,76995,British Airways,1 stop,13 hr 50 min,https://www.google.com/travel/flights?q=Flights%20from%20MEX%20to%20EDI%20on%202026-09-03%20returning%202026-09-10%20business%20class%201%20passenger
2026-05-23 10:21:16,MEX,MAD,2026-09-01,2026-09-08,7,economy,1,15441,British Airways,Nonstop,10 hr 35 min,https://www.google.com/travel/flights?q=Flights%20from%20MEX%20to%20MAD%20on%202026-09-01%20returning%202026-09-08%20economy%20class%201%20passenger
2026-05-23 10:21:41,MEX,MAD,2026-09-01,2026-09-09,8,economy,1,15441,British Airways,Nonstop,10 hr 35 min,https://www.google.com/travel/flights?q=Flights%20from%20MEX%20to%20MAD%20on%202026-09-01%20returning%202026-09-09%20economy%20class%201%20passenger
2026-05-23 10:22:07,MEX,MAD,2026-09-02,2026-09-09,7,economy,1,15441,British Airways,Nonstop,10 hr 35 min,https://www.google.com/travel/flights?q=Flights%20from%20MEX%20to%20MAD%20on%202026-09-02%20returning%202026-09-09%20economy%20class%201%20passenger
2026-05-23 10:22:33,MEX,MAD,2026-09-02,2026-09-10,8,economy,1,15441,British Airways,Nonstop,10 hr 35 min,https://www.google.com/travel/flights?q=Flights%20from%20MEX%20to%20MAD%20on%202026-09-02%20returning%202026-09-10%20economy%20class%201%20passenger
2026-05-23 10:22:59,MEX,MAD,2026-09-03,2026-09-10,7,economy,1,16162,British Airways,Nonstop,10 hr 35 min,https://www.google.com/travel/flights?q=Flights%20from%20MEX%20to%20MAD%20on%202026-09-03%20returning%202026-09-10%20economy%20class%201%20passenger
2026-05-23 10:23:25,MEX,MAD,2026-09-01,2026-09-08,7,business,1,44080,Air France,1 stop,16 hr,https://www.google.com/travel/flights?q=Flights%20from%20MEX%20to%20MAD%20on%202026-09-01%20returning%202026-09-08%20business%20class%201%20passenger
2026-05-23 10:23:51,MEX,MAD,2026-09-01,2026-09-09,8,business,1,43938,Air France,1 stop,16 hr,https://www.google.com/travel/flights?q=Flights%20from%20MEX%20to%20MAD%20on%202026-09-01%20returning%202026-09-09%20business%20class%201%20passenger
2026-05-23 10:24:17,MEX,MAD,2026-09-02,2026-09-09,7,business,1,51044,Lufthansa,1 stop,16 hr 35 min,https://www.google.com/travel/flights?q=Flights%20from%20MEX%20to%20MAD%20on%202026-09-02%20returning%202026-09-09%20business%20class%201%20passenger
2026-05-23 10:24:43,MEX,MAD,2026-09-02,2026-09-10,8,business,1,51129,Lufthansa,1 stop,16 hr 35 min,https://www.google.com/travel/flights?q=Flights%20from%20MEX%20to%20MAD%20on%202026-09-02%20returning%202026-09-10%20business%20class%201%20passenger
2026-05-23 10:25:08,MEX,MAD,2026-09-03,2026-09-10,7,business,1,52191,Lufthansa,1 stop,16 hr,https://www.google.com/travel/flights?q=Flights%20from%20MEX%20to%20MAD%20on%202026-09-03%20returning%202026-09-10%20business%20class%201%20passenger
2026-05-23 12:05:55,MEX,FCO,2026-09-03,2026-09-10,7,economy,1,16981,Iberia,1 stop,15 hr 55 min,https://www.google.com/travel/flights?q=Flights%20from%20MEX%20to%20FCO%20on%202026-09-03%20returning%202026-09-10%20economy%20class%201%20passenger
2026-05-23 12:08:05,MEX,FCO,2026-09-03,2026-09-10,7,business,1,72921,Aeromexico,1 stop,20 hr 25 min,https://www.google.com/travel/flights?q=Flights%20from%20MEX%20to%20FCO%20on%202026-09-03%20returning%202026-09-10%20business%20class%201%20passenger
2026-05-23 12:10:15,MEX,AMS,2026-09-03,2026-09-10,7,economy,1,16885,Aeromexico,1 stop,15 hr 20 min,https://www.google.com/travel/flights?q=Flights%20from%20MEX%20to%20AMS%20on%202026-09-03%20returning%202026-09-10%20economy%20class%201%20passenger
2026-05-23 12:12:24,MEX,AMS,2026-09-03,2026-09-10,7,business,1,59811,Aeromexico,Nonstop,10 hr 55 min,https://www.google.com/travel/flights?q=Flights%20from%20MEX%20to%20AMS%20on%202026-09-03%20returning%202026-09-10%20business%20class%201%20passenger
2026-05-23 12:14:34,MEX,CDG,2026-09-03,2026-09-10,7,economy,1,19785,Air France,1 stop,14 hr 25 min,https://www.google.com/travel/flights?q=Flights%20from%20MEX%20to%20CDG%20on%202026-09-03%20returning%202026-09-10%20economy%20class%201%20passenger
2026-05-23 12:16:43,MEX,CDG,2026-09-03,2026-09-10,7,business,1,66118,Aeromexico,1 stop,16 hr 10 min,https://www.google.com/travel/flights?q=Flights%20from%20MEX%20to%20CDG%20on%202026-09-03%20returning%202026-09-10%20business%20class%201%20passenger
2026-05-23 12:18:53,MEX,EDI,2026-09-03,2026-09-10,7,economy,1,24320,Lufthansa,1 stop,12 hr 25 min,https://www.google.com/travel/flights?q=Flights%20from%20MEX%20to%20EDI%20on%202026-09-03%20returning%202026-09-10%20economy%20class%201%20passenger
2026-05-23 12:21:02,MEX,EDI,2026-09-03,2026-09-10,7,business,1,76995,British Airways,1 stop,13 hr 50 min,https://www.google.com/travel/flights?q=Flights%20from%20MEX%20to%20EDI%20on%202026-09-03%20returning%202026-09-10%20business%20class%201%20passenger
2026-05-23 12:23:12,MEX,MAD,2026-09-03,2026-09-10,7,economy,1,16162,British Airways,Nonstop,10 hr 35 min,https://www.google.com/travel/flights?q=Flights%20from%20MEX%20to%20MAD%20on%202026-09-03%20returning%202026-09-10%20economy%20class%201%20passenger
2026-05-23 12:25:21,MEX,MAD,2026-09-03,2026-09-10,7,business,1,52191,Lufthansa,1 stop,16 hr,https://www.google.com/travel/flights?q=Flights%20from%20MEX%20to%20MAD%20on%202026-09-03%20returning%202026-09-10%20business%20class%201%20passenger
2026-05-23 12:27:30,GDL,FCO,2026-09-03,2026-09-10,7,economy,1,23166,Aeromexico,1 stop,14 hr 35 min,https://www.google.com/travel/flights?q=Flights%20from%20GDL%20to%20FCO%20on%202026-09-03%20returning%202026-09-10%20economy%20class%201%20passenger
2026-05-23 12:29:40,GDL,FCO,2026-09-03,2026-09-10,7,business,1,91641,Aeromexico,1 stop,17 hr 49 min,https://www.google.com/travel/flights?q=Flights%20from%20GDL%20to%20FCO%20on%202026-09-03%20returning%202026-09-10%20business%20class%201%20passenger
2026-05-23 12:31:48,GDL,AMS,2026-09-03,2026-09-10,7,economy,1,20729,Air France,1 stop,18 hr 16 min,https://www.google.com/travel/flights?q=Flights%20from%20GDL%20to%20AMS%20on%202026-09-03%20returning%202026-09-10%20economy%20class%201%20passenger
2026-05-23 12:33:57,GDL,AMS,2026-09-03,2026-09-10,7,business,1,58284,Aeromexico,1 stop,14 hr 52 min,https://www.google.com/travel/flights?q=Flights%20from%20GDL%20to%20AMS%20on%202026-09-03%20returning%202026-09-10%20business%20class%201%20passenger
2026-05-23 12:36:07,GDL,CDG,2026-09-03,2026-09-10,7,economy,1,20530,Air France,1 stop,19 hr 36 min,https://www.google.com/travel/flights?q=Flights%20from%20GDL%20to%20CDG%20on%202026-09-03%20returning%202026-09-10%20economy%20class%201%20passenger
2026-05-23 12:38:16,GDL,CDG,2026-09-03,2026-09-10,7,business,1,87545,Aeromexico,1 stop,14 hr 22 min,https://www.google.com/travel/flights?q=Flights%20from%20GDL%20to%20CDG%20on%202026-09-03%20returning%202026-09-10%20business%20class%201%20passenger
2026-05-23 12:44:43,GDL,MAD,2026-09-03,2026-09-10,7,economy,1,18850,Iberia,1 stop,18 hr 41 min,https://www.google.com/travel/flights?q=Flights%20from%20GDL%20to%20MAD%20on%202026-09-03%20returning%202026-09-10%20economy%20class%201%20passenger
2026-05-23 12:46:52,GDL,MAD,2026-09-03,2026-09-10,7,business,1,63271,Aeromexico,1 stop,14 hr 20 min,https://www.google.com/travel/flights?q=Flights%20from%20GDL%20to%20MAD%20on%202026-09-03%20returning%202026-09-10%20business%20class%201%20passenger
2026-05-23 12:49:01,MTY,FCO,2026-09-03,2026-09-10,7,economy,1,23145,Iberia,1 stop,21 hr 20 min,https://www.google.com/travel/flights?q=Flights%20from%20MTY%20to%20FCO%20on%202026-09-03%20returning%202026-09-10%20economy%20class%201%20passenger
2026-05-23 12:51:10,MTY,FCO,2026-09-03,2026-09-10,7,business,1,71283,Aeromexico,1 stop,15 hr 39 min,https://www.google.com/travel/flights?q=Flights%20from%20MTY%20to%20FCO%20on%202026-09-03%20returning%202026-09-10%20business%20class%201%20passenger
2026-05-23 12:53:19,MTY,AMS,2026-09-03,2026-09-10,7,economy,1,18174,British Airways,1 stop,14 hr 33 min,https://www.google.com/travel/flights?q=Flights%20from%20MTY%20to%20AMS%20on%202026-09-03%20returning%202026-09-10%20economy%20class%201%20passenger
2026-05-23 12:55:28,MTY,AMS,2026-09-03,2026-09-10,7,business,1,63870,Aeromexico,1 stop,26 hr 34 min,https://www.google.com/travel/flights?q=Flights%20from%20MTY%20to%20AMS%20on%202026-09-03%20returning%202026-09-10%20business%20class%201%20passenger
2026-05-23 12:57:38,MTY,CDG,2026-09-03,2026-09-10,7,economy,1,19852,Aeromexico,1 stop,15 hr 48 min,https://www.google.com/travel/flights?q=Flights%20from%20MTY%20to%20CDG%20on%202026-09-03%20returning%202026-09-10%20economy%20class%201%20passenger
2026-05-23 12:59:47,MTY,CDG,2026-09-03,2026-09-10,7,business,1,69324,Aeromexico,Nonstop,10 hr 35 min,https://www.google.com/travel/flights?q=Flights%20from%20MTY%20to%20CDG%20on%202026-09-03%20returning%202026-09-10%20business%20class%201%20passenger
2026-05-23 13:04:04,MTY,EDI,2026-09-03,2026-09-10,7,business,1,116985,Aeromexico,1 stop,22 hr 50 min,https://www.google.com/travel/flights?q=Flights%20from%20MTY%20to%20EDI%20on%202026-09-03%20returning%202026-09-10%20business%20class%201%20passenger
2026-05-23 13:06:13,MTY,MAD,2026-09-03,2026-09-10,7,economy,1,16957,Aeromexico,Nonstop,10 hr 10 min,https://www.google.com/travel/flights?q=Flights%20from%20MTY%20to%20MAD%20on%202026-09-03%20returning%202026-09-10%20economy%20class%201%20passenger
2026-05-23 13:08:22,MTY,MAD,2026-09-03,2026-09-10,7,business,1,59242,Aeromexico,1 stop,23 hr 57 min,https://www.google.com/travel/flights?q=Flights%20from%20MTY%20to%20MAD%20on%202026-09-03%20returning%202026-09-10%20business%20class%201%20passenger
2026-05-23 14:15:19,GDL,FCO,2026-09-01,2026-09-08,7,economy,1,22236,Aeromexico,1 stop,16 hr 9 min,https://www.google.com/travel/flights?q=Flights%20from%20GDL%20to%20FCO%20on%202026-09-01%20returning%202026-09-08%20economy%20class%201%20passenger
2026-05-23 14:15:49,GDL,FCO,2026-09-01,2026-09-09,8,economy,1,22236,Aeromexico,1 stop,16 hr 9 min,https://www.google.com/travel/flights?q=Flights%20from%20GDL%20to%20FCO%20on%202026-09-01%20returning%202026-09-09%20economy%20class%201%20passenger
2026-05-23 14:16:15,GDL,FCO,2026-09-02,2026-09-09,7,economy,1,23186,British Airways,1 stop,21 hr 41 min,https://www.google.com/travel/flights?q=Flights%20from%20GDL%20to%20FCO%20on%202026-09-02%20returning%202026-09-09%20economy%20class%201%20passenger
2026-05-23 14:16:41,GDL,FCO,2026-09-02,2026-09-10,8,economy,1,23429,British Airways,1 stop,21 hr 41 min,https://www.google.com/travel/flights?q=Flights%20from%20GDL%20to%20FCO%20on%202026-09-02%20returning%202026-09-10%20economy%20class%201%20passenger
2026-05-23 14:17:07,GDL,FCO,2026-09-03,2026-09-10,7,economy,1,23166,Aeromexico,1 stop,14 hr 35 min,https://www.google.com/travel/flights?q=Flights%20from%20GDL%20to%20FCO%20on%202026-09-03%20returning%202026-09-10%20economy%20class%201%20passenger
2026-05-23 14:17:33,GDL,FCO,2026-09-01,2026-09-08,7,business,1,67015,Aeromexico,1 stop,15 hr 2 min,https://www.google.com/travel/flights?q=Flights%20from%20GDL%20to%20FCO%20on%202026-09-01%20returning%202026-09-08%20business%20class%201%20passenger
2026-05-23 14:17:59,GDL,FCO,2026-09-01,2026-09-09,8,business,1,84080,Aeromexico,1 stop,15 hr 2 min,https://www.google.com/travel/flights?q=Flights%20from%20GDL%20to%20FCO%20on%202026-09-01%20returning%202026-09-09%20business%20class%201%20passenger
2026-05-23 14:18:25,GDL,FCO,2026-09-02,2026-09-09,7,business,1,84080,Aeromexico,1 stop,15 hr 2 min,https://www.google.com/travel/flights?q=Flights%20from%20GDL%20to%20FCO%20on%202026-09-02%20returning%202026-09-09%20business%20class%201%20passenger
2026-05-23 14:18:51,GDL,FCO,2026-09-02,2026-09-10,8,business,1,89119,Aeromexico,1 stop,15 hr 2 min,https://www.google.com/travel/flights?q=Flights%20from%20GDL%20to%20FCO%20on%202026-09-02%20returning%202026-09-10%20business%20class%201%20passenger
2026-05-23 14:19:16,GDL,FCO,2026-09-03,2026-09-10,7,business,1,91641,Aeromexico,1 stop,17 hr 49 min,https://www.google.com/travel/flights?q=Flights%20from%20GDL%20to%20FCO%20on%202026-09-03%20returning%202026-09-10%20business%20class%201%20passenger
2026-05-23 14:19:42,GDL,AMS,2026-09-01,2026-09-08,7,economy,1,19628,KLM,1 stop,16 hr 29 min,https://www.google.com/travel/flights?q=Flights%20from%20GDL%20to%20AMS%20on%202026-09-01%20returning%202026-09-08%20economy%20class%201%20passenger
2026-05-23 14:20:08,GDL,AMS,2026-09-01,2026-09-09,8,economy,1,19628,KLM,1 stop,16 hr 29 min,https://www.google.com/travel/flights?q=Flights%20from%20GDL%20to%20AMS%20on%202026-09-01%20returning%202026-09-09%20economy%20class%201%20passenger
2026-05-23 14:20:34,GDL,AMS,2026-09-02,2026-09-09,7,economy,1,19628,KLM,1 stop,16 hr 29 min,https://www.google.com/travel/flights?q=Flights%20from%20GDL%20to%20AMS%20on%202026-09-02%20returning%202026-09-09%20economy%20class%201%20passenger
2026-05-23 14:21:00,GDL,AMS,2026-09-02,2026-09-10,8,economy,1,19628,KLM,1 stop,16 hr 29 min,https://www.google.com/travel/flights?q=Flights%20from%20GDL%20to%20AMS%20on%202026-09-02%20returning%202026-09-10%20economy%20class%201%20passenger
2026-05-23 14:21:26,GDL,AMS,2026-09-03,2026-09-10,7,economy,1,20729,Air France,1 stop,18 hr 16 min,https://www.google.com/travel/flights?q=Flights%20from%20GDL%20to%20AMS%20on%202026-09-03%20returning%202026-09-10%20economy%20class%201%20passenger
2026-05-23 14:21:51,GDL,AMS,2026-09-01,2026-09-08,7,business,1,63383,Aeromexico,1 stop,16 hr 29 min,https://www.google.com/travel/flights?q=Flights%20from%20GDL%20to%20AMS%20on%202026-09-01%20returning%202026-09-08%20business%20class%201%20passenger
2026-05-23 14:22:17,GDL,AMS,2026-09-01,2026-09-09,8,business,1,64066,KLM,1 stop,16 hr 29 min,https://www.google.com/travel/flights?q=Flights%20from%20GDL%20to%20AMS%20on%202026-09-01%20returning%202026-09-09%20business%20class%201%20passenger
2026-05-23 14:22:43,GDL,AMS,2026-09-02,2026-09-09,7,business,1,58284,Aeromexico,1 stop,14 hr 52 min,https://www.google.com/travel/flights?q=Flights%20from%20GDL%20to%20AMS%20on%202026-09-02%20returning%202026-09-09%20business%20class%201%20passenger
2026-05-23 14:23:08,GDL,AMS,2026-09-02,2026-09-10,8,business,1,58284,Aeromexico,1 stop,14 hr 52 min,https://www.google.com/travel/flights?q=Flights%20from%20GDL%20to%20AMS%20on%202026-09-02%20returning%202026-09-10%20business%20class%201%20passenger
2026-05-23 14:23:34,GDL,AMS,2026-09-03,2026-09-10,7,business,1,58284,Aeromexico,1 stop,14 hr 52 min,https://www.google.com/travel/flights?q=Flights%20from%20GDL%20to%20AMS%20on%202026-09-03%20returning%202026-09-10%20business%20class%201%20passenger
2026-05-23 14:24:00,GDL,CDG,2026-09-01,2026-09-08,7,economy,1,20566,Air France,1 stop,14 hr 4 min,https://www.google.com/travel/flights?q=Flights%20from%20GDL%20to%20CDG%20on%202026-09-01%20returning%202026-09-08%20economy%20class%201%20passenger
2026-05-23 14:24:26,GDL,CDG,2026-09-01,2026-09-09,8,economy,1,20530,British Airways,1 stop,14 hr 4 min,https://www.google.com/travel/flights?q=Flights%20from%20GDL%20to%20CDG%20on%202026-09-01%20returning%202026-09-09%20economy%20class%201%20passenger
2026-05-23 14:24:52,GDL,CDG,2026-09-02,2026-09-09,7,economy,1,20530,Air France,1 stop,19 hr 36 min,https://www.google.com/travel/flights?q=Flights%20from%20GDL%20to%20CDG%20on%202026-09-02%20returning%202026-09-09%20economy%20class%201%20passenger
2026-05-23 14:25:17,GDL,CDG,2026-09-02,2026-09-10,8,economy,1,20530,Air France,1 stop,19 hr 36 min,https://www.google.com/travel/flights?q=Flights%20from%20GDL%20to%20CDG%20on%202026-09-02%20returning%202026-09-10%20economy%20class%201%20passenger
2026-05-23 14:25:43,GDL,CDG,2026-09-03,2026-09-10,7,economy,1,20530,Air France,1 stop,19 hr 36 min,https://www.google.com/travel/flights?q=Flights%20from%20GDL%20to%20CDG%20on%202026-09-03%20returning%202026-09-10%20economy%20class%201%20passenger
2026-05-23 14:26:09,GDL,CDG,2026-09-01,2026-09-08,7,business,1,68329,Aeromexico,1 stop,17 hr 50 min,https://www.google.com/travel/flights?q=Flights%20from%20GDL%20to%20CDG%20on%202026-09-01%20returning%202026-09-08%20business%20class%201%20passenger
2026-05-23 14:26:35,GDL,CDG,2026-09-01,2026-09-09,8,business,1,73445,Aeromexico,1 stop,14 hr 22 min,https://www.google.com/travel/flights?q=Flights%20from%20GDL%20to%20CDG%20on%202026-09-01%20returning%202026-09-09%20business%20class%201%20passenger
2026-05-23 14:27:01,GDL,CDG,2026-09-02,2026-09-09,7,business,1,87545,Aeromexico,1 stop,14 hr 43 min,https://www.google.com/travel/flights?q=Flights%20from%20GDL%20to%20CDG%20on%202026-09-02%20returning%202026-09-09%20business%20class%201%20passenger
2026-05-23 14:27:27,GDL,CDG,2026-09-02,2026-09-10,8,business,1,69349,Aeromexico,1 stop,16 hr 8 min,https://www.google.com/travel/flights?q=Flights%20from%20GDL%20to%20CDG%20on%202026-09-02%20returning%202026-09-10%20business%20class%201%20passenger
2026-05-23 14:27:52,GDL,CDG,2026-09-03,2026-09-10,7,business,1,87545,Aeromexico,1 stop,14 hr 22 min,https://www.google.com/travel/flights?q=Flights%20from%20GDL%20to%20CDG%20on%202026-09-03%20returning%202026-09-10%20business%20class%201%20passenger
2026-05-23 14:28:19,GDL,EDI,2026-09-01,2026-09-08,7,economy,1,35479,Air France,1 stop,16 hr 9 min,https://www.google.com/travel/flights?q=Flights%20from%20GDL%20to%20EDI%20on%202026-09-01%20returning%202026-09-08%20economy%20class%201%20passenger
2026-05-23 14:28:45,GDL,EDI,2026-09-01,2026-09-09,8,economy,1,35479,United,1 stop,16 hr 9 min,https://www.google.com/travel/flights?q=Flights%20from%20GDL%20to%20EDI%20on%202026-09-01%20returning%202026-09-09%20economy%20class%201%20passenger
2026-05-23 14:30:28,GDL,EDI,2026-09-01,2026-09-08,7,business,1,136408,Aeromexico,1 stop,16 hr 9 min,https://www.google.com/travel/flights?q=Flights%20from%20GDL%20to%20EDI%20on%202026-09-01%20returning%202026-09-08%20business%20class%201%20passenger
2026-05-23 14:30:54,GDL,EDI,2026-09-01,2026-09-09,8,business,1,136408,Aeromexico,1 stop,16 hr 9 min,https://www.google.com/travel/flights?q=Flights%20from%20GDL%20to%20EDI%20on%202026-09-01%20returning%202026-09-09%20business%20class%201%20passenger
2026-05-23 14:32:37,GDL,MAD,2026-09-01,2026-09-08,7,economy,1,18538,Iberia,1 stop,18 hr 5 min,https://www.google.com/travel/flights?q=Flights%20from%20GDL%20to%20MAD%20on%202026-09-01%20returning%202026-09-08%20economy%20class%201%20passenger
2026-05-23 14:33:03,GDL,MAD,2026-09-01,2026-09-09,8,economy,1,18538,Iberia,1 stop,18 hr 5 min,https://www.google.com/travel/flights?q=Flights%20from%20GDL%20to%20MAD%20on%202026-09-01%20returning%202026-09-09%20economy%20class%201%20passenger
2026-05-23 14:33:28,GDL,MAD,2026-09-02,2026-09-09,7,economy,1,19030,Iberia,1 stop,18 hr 41 min,https://www.google.com/travel/flights?q=Flights%20from%20GDL%20to%20MAD%20on%202026-09-02%20returning%202026-09-09%20economy%20class%201%20passenger
2026-05-23 14:33:54,GDL,MAD,2026-09-02,2026-09-10,8,economy,1,19030,Iberia,1 stop,18 hr 41 min,https://www.google.com/travel/flights?q=Flights%20from%20GDL%20to%20MAD%20on%202026-09-02%20returning%202026-09-10%20economy%20class%201%20passenger
2026-05-23 14:34:20,GDL,MAD,2026-09-03,2026-09-10,7,economy,1,18850,Iberia,1 stop,18 hr 41 min,https://www.google.com/travel/flights?q=Flights%20from%20GDL%20to%20MAD%20on%202026-09-03%20returning%202026-09-10%20economy%20class%201%20passenger
2026-05-23 14:34:46,GDL,MAD,2026-09-01,2026-09-08,7,business,1,72535,Aeromexico,1 stop,14 hr 20 min,https://www.google.com/travel/flights?q=Flights%20from%20GDL%20to%20MAD%20on%202026-09-01%20returning%202026-09-08%20business%20class%201%20passenger
2026-05-23 14:35:12,GDL,MAD,2026-09-01,2026-09-09,8,business,1,72283,Aeromexico,1 stop,14 hr 20 min,https://www.google.com/travel/flights?q=Flights%20from%20GDL%20to%20MAD%20on%202026-09-01%20returning%202026-09-09%20business%20class%201%20passenger
2026-05-23 14:35:37,GDL,MAD,2026-09-02,2026-09-09,7,business,1,63271,Aeromexico,1 stop,26 hr 36 min,https://www.google.com/travel/flights?q=Flights%20from%20GDL%20to%20MAD%20on%202026-09-02%20returning%202026-09-09%20business%20class%201%20passenger
2026-05-23 14:36:03,GDL,MAD,2026-09-02,2026-09-10,8,business,1,63271,Aeromexico,1 stop,26 hr 36 min,https://www.google.com/travel/flights?q=Flights%20from%20GDL%20to%20MAD%20on%202026-09-02%20returning%202026-09-10%20business%20class%201%20passenger
2026-05-23 14:36:29,GDL,MAD,2026-09-03,2026-09-10,7,business,1,63271,Aeromexico,1 stop,14 hr 20 min,https://www.google.com/travel/flights?q=Flights%20from%20GDL%20to%20MAD%20on%202026-09-03%20returning%202026-09-10%20business%20class%201%20passenger
2026-05-23 14:31:47,GDL,FCO,2026-09-01,2026-09-08,7,economy,1,22284,Aeromexico,1 stop,16 hr 9 min,https://www.google.com/travel/flights?q=Flights%20from%20GDL%20to%20FCO%20on%202026-09-01%20returning%202026-09-08%20economy%20class%201%20passenger
2026-05-23 14:32:12,GDL,FCO,2026-09-01,2026-09-09,8,economy,1,22284,Aeromexico,1 stop,16 hr 9 min,https://www.google.com/travel/flights?q=Flights%20from%20GDL%20to%20FCO%20on%202026-09-01%20returning%202026-09-09%20economy%20class%201%20passenger
2026-05-23 14:32:39,GDL,FCO,2026-09-02,2026-09-09,7,economy,1,23186,British Airways,1 stop,21 hr 41 min,https://www.google.com/travel/flights?q=Flights%20from%20GDL%20to%20FCO%20on%202026-09-02%20returning%202026-09-09%20economy%20class%201%20passenger
2026-05-23 14:33:04,GDL,FCO,2026-09-02,2026-09-10,8,economy,1,23429,British Airways,1 stop,21 hr 41 min,https://www.google.com/travel/flights?q=Flights%20from%20GDL%20to%20FCO%20on%202026-09-02%20returning%202026-09-10%20economy%20class%201%20passenger
2026-05-23 14:33:30,GDL,FCO,2026-09-03,2026-09-10,7,economy,1,23166,Aeromexico,1 stop,14 hr 35 min,https://www.google.com/travel/flights?q=Flights%20from%20GDL%20to%20FCO%20on%202026-09-03%20returning%202026-09-10%20economy%20class%201%20passenger
2026-05-23 14:33:56,GDL,FCO,2026-09-01,2026-09-08,7,business,1,67015,Aeromexico,1 stop,15 hr 2 min,https://www.google.com/travel/flights?q=Flights%20from%20GDL%20to%20FCO%20on%202026-09-01%20returning%202026-09-08%20business%20class%201%20passenger
2026-05-23 14:34:22,GDL,FCO,2026-09-01,2026-09-09,8,business,1,84080,Aeromexico,1 stop,15 hr 2 min,https://www.google.com/travel/flights?q=Flights%20from%20GDL%20to%20FCO%20on%202026-09-01%20returning%202026-09-09%20business%20class%201%20passenger
2026-05-23 14:34:48,GDL,FCO,2026-09-02,2026-09-09,7,business,1,84080,Aeromexico,1 stop,15 hr 2 min,https://www.google.com/travel/flights?q=Flights%20from%20GDL%20to%20FCO%20on%202026-09-02%20returning%202026-09-09%20business%20class%201%20passenger
2026-05-23 14:35:14,GDL,FCO,2026-09-02,2026-09-10,8,business,1,89119,Aeromexico,1 stop,15 hr 2 min,https://www.google.com/travel/flights?q=Flights%20from%20GDL%20to%20FCO%20on%202026-09-02%20returning%202026-09-10%20business%20class%201%20passenger
2026-05-23 14:35:40,GDL,FCO,2026-09-03,2026-09-10,7,business,1,91641,Aeromexico,1 stop,17 hr 49 min,https://www.google.com/travel/flights?q=Flights%20from%20GDL%20to%20FCO%20on%202026-09-03%20returning%202026-09-10%20business%20class%201%20passenger
2026-05-23 14:36:06,GDL,AMS,2026-09-01,2026-09-08,7,economy,1,19628,KLM,1 stop,16 hr 29 min,https://www.google.com/travel/flights?q=Flights%20from%20GDL%20to%20AMS%20on%202026-09-01%20returning%202026-09-08%20economy%20class%201%20passenger
2026-05-23 14:36:32,GDL,AMS,2026-09-01,2026-09-09,8,economy,1,19628,KLM,1 stop,16 hr 29 min,https://www.google.com/travel/flights?q=Flights%20from%20GDL%20to%20AMS%20on%202026-09-01%20returning%202026-09-09%20economy%20class%201%20passenger
2026-05-23 14:36:57,GDL,AMS,2026-09-02,2026-09-09,7,economy,1,19628,KLM,1 stop,16 hr 29 min,https://www.google.com/travel/flights?q=Flights%20from%20GDL%20to%20AMS%20on%202026-09-02%20returning%202026-09-09%20economy%20class%201%20passenger
2026-05-23 14:37:23,GDL,AMS,2026-09-02,2026-09-10,8,economy,1,19628,KLM,1 stop,16 hr 29 min,https://www.google.com/travel/flights?q=Flights%20from%20GDL%20to%20AMS%20on%202026-09-02%20returning%202026-09-10%20economy%20class%201%20passenger
2026-05-23 14:37:49,GDL,AMS,2026-09-03,2026-09-10,7,economy,1,20729,Air France,1 stop,18 hr 16 min,https://www.google.com/travel/flights?q=Flights%20from%20GDL%20to%20AMS%20on%202026-09-03%20returning%202026-09-10%20economy%20class%201%20passenger
2026-05-23 14:38:15,GDL,AMS,2026-09-01,2026-09-08,7,business,1,63383,Aeromexico,1 stop,16 hr 29 min,https://www.google.com/travel/flights?q=Flights%20from%20GDL%20to%20AMS%20on%202026-09-01%20returning%202026-09-08%20business%20class%201%20passenger
2026-05-23 14:38:41,GDL,AMS,2026-09-01,2026-09-09,8,business,1,64066,KLM,1 stop,16 hr 29 min,https://www.google.com/travel/flights?q=Flights%20from%20GDL%20to%20AMS%20on%202026-09-01%20returning%202026-09-09%20business%20class%201%20passenger
2026-05-23 14:39:07,GDL,AMS,2026-09-02,2026-09-09,7,business,1,58284,Aeromexico,1 stop,14 hr 52 min,https://www.google.com/travel/flights?q=Flights%20from%20GDL%20to%20AMS%20on%202026-09-02%20returning%202026-09-09%20business%20class%201%20passenger
2026-05-23 14:39:32,GDL,AMS,2026-09-02,2026-09-10,8,business,1,58284,Aeromexico,1 stop,14 hr 52 min,https://www.google.com/travel/flights?q=Flights%20from%20GDL%20to%20AMS%20on%202026-09-02%20returning%202026-09-10%20business%20class%201%20passenger
2026-05-23 14:39:59,GDL,AMS,2026-09-03,2026-09-10,7,business,1,58284,Aeromexico,1 stop,14 hr 52 min,https://www.google.com/travel/flights?q=Flights%20from%20GDL%20to%20AMS%20on%202026-09-03%20returning%202026-09-10%20business%20class%201%20passenger
2026-05-23 14:40:24,GDL,CDG,2026-09-01,2026-09-08,7,economy,1,20566,Air France,1 stop,14 hr 4 min,https://www.google.com/travel/flights?q=Flights%20from%20GDL%20to%20CDG%20on%202026-09-01%20returning%202026-09-08%20economy%20class%201%20passenger
2026-05-23 14:40:50,GDL,CDG,2026-09-01,2026-09-09,8,economy,1,20530,British Airways,1 stop,14 hr 4 min,https://www.google.com/travel/flights?q=Flights%20from%20GDL%20to%20CDG%20on%202026-09-01%20returning%202026-09-09%20economy%20class%201%20passenger
2026-05-23 14:41:16,GDL,CDG,2026-09-02,2026-09-09,7,economy,1,20530,Air France,1 stop,19 hr 36 min,https://www.google.com/travel/flights?q=Flights%20from%20GDL%20to%20CDG%20on%202026-09-02%20returning%202026-09-09%20economy%20class%201%20passenger
2026-05-23 14:41:42,GDL,CDG,2026-09-02,2026-09-10,8,economy,1,20530,Air France,1 stop,19 hr 36 min,https://www.google.com/travel/flights?q=Flights%20from%20GDL%20to%20CDG%20on%202026-09-02%20returning%202026-09-10%20economy%20class%201%20passenger
2026-05-23 14:42:08,GDL,CDG,2026-09-03,2026-09-10,7,economy,1,20530,Air France,1 stop,19 hr 36 min,https://www.google.com/travel/flights?q=Flights%20from%20GDL%20to%20CDG%20on%202026-09-03%20returning%202026-09-10%20economy%20class%201%20passenger
2026-05-23 14:42:34,GDL,CDG,2026-09-01,2026-09-08,7,business,1,68329,Aeromexico,1 stop,17 hr 50 min,https://www.google.com/travel/flights?q=Flights%20from%20GDL%20to%20CDG%20on%202026-09-01%20returning%202026-09-08%20business%20class%201%20passenger
2026-05-23 14:43:00,GDL,CDG,2026-09-01,2026-09-09,8,business,1,73445,Aeromexico,1 stop,14 hr 22 min,https://www.google.com/travel/flights?q=Flights%20from%20GDL%20to%20CDG%20on%202026-09-01%20returning%202026-09-09%20business%20class%201%20passenger
2026-05-23 14:43:25,GDL,CDG,2026-09-02,2026-09-09,7,business,1,87545,Aeromexico,1 stop,14 hr 43 min,https://www.google.com/travel/flights?q=Flights%20from%20GDL%20to%20CDG%20on%202026-09-02%20returning%202026-09-09%20business%20class%201%20passenger
2026-05-23 14:43:51,GDL,CDG,2026-09-02,2026-09-10,8,business,1,69349,Aeromexico,1 stop,16 hr 8 min,https://www.google.com/travel/flights?q=Flights%20from%20GDL%20to%20CDG%20on%202026-09-02%20returning%202026-09-10%20business%20class%201%20passenger
2026-05-23 14:44:17,GDL,CDG,2026-09-03,2026-09-10,7,business,1,87545,Aeromexico,1 stop,14 hr 22 min,https://www.google.com/travel/flights?q=Flights%20from%20GDL%20to%20CDG%20on%202026-09-03%20returning%202026-09-10%20business%20class%201%20passenger
2026-05-23 14:44:43,GDL,EDI,2026-09-01,2026-09-08,7,economy,1,35479,Air France,1 stop,16 hr 9 min,https://www.google.com/travel/flights?q=Flights%20from%20GDL%20to%20EDI%20on%202026-09-01%20returning%202026-09-08%20economy%20class%201%20passenger
2026-05-23 14:45:09,GDL,EDI,2026-09-01,2026-09-09,8,economy,1,35479,United,1 stop,16 hr 9 min,https://www.google.com/travel/flights?q=Flights%20from%20GDL%20to%20EDI%20on%202026-09-01%20returning%202026-09-09%20economy%20class%201%20passenger
2026-05-23 14:46:51,GDL,EDI,2026-09-01,2026-09-08,7,business,1,136408,Aeromexico,1 stop,16 hr 9 min,https://www.google.com/travel/flights?q=Flights%20from%20GDL%20to%20EDI%20on%202026-09-01%20returning%202026-09-08%20business%20class%201%20passenger
2026-05-23 14:47:17,GDL,EDI,2026-09-01,2026-09-09,8,business,1,136408,Aeromexico,1 stop,16 hr 9 min,https://www.google.com/travel/flights?q=Flights%20from%20GDL%20to%20EDI%20on%202026-09-01%20returning%202026-09-09%20business%20class%201%20passenger
2026-05-23 14:49:00,GDL,MAD,2026-09-01,2026-09-08,7,economy,1,18538,Iberia,1 stop,18 hr 5 min,https://www.google.com/travel/flights?q=Flights%20from%20GDL%20to%20MAD%20on%202026-09-01%20returning%202026-09-08%20economy%20class%201%20passenger
2026-05-23 14:49:25,GDL,MAD,2026-09-01,2026-09-09,8,economy,1,18538,Iberia,1 stop,18 hr 5 min,https://www.google.com/travel/flights?q=Flights%20from%20GDL%20to%20MAD%20on%202026-09-01%20returning%202026-09-09%20economy%20class%201%20passenger
2026-05-23 14:49:51,GDL,MAD,2026-09-02,2026-09-09,7,economy,1,19030,Iberia,1 stop,18 hr 41 min,https://www.google.com/travel/flights?q=Flights%20from%20GDL%20to%20MAD%20on%202026-09-02%20returning%202026-09-09%20economy%20class%201%20passenger
2026-05-23 14:50:17,GDL,MAD,2026-09-02,2026-09-10,8,economy,1,19030,Iberia,1 stop,18 hr 41 min,https://www.google.com/travel/flights?q=Flights%20from%20GDL%20to%20MAD%20on%202026-09-02%20returning%202026-09-10%20economy%20class%201%20passenger
2026-05-23 14:50:43,GDL,MAD,2026-09-03,2026-09-10,7,economy,1,18850,Iberia,1 stop,18 hr 41 min,https://www.google.com/travel/flights?q=Flights%20from%20GDL%20to%20MAD%20on%202026-09-03%20returning%202026-09-10%20economy%20class%201%20passenger
2026-05-23 14:51:08,GDL,MAD,2026-09-01,2026-09-08,7,business,1,72535,Aeromexico,1 stop,14 hr 20 min,https://www.google.com/travel/flights?q=Flights%20from%20GDL%20to%20MAD%20on%202026-09-01%20returning%202026-09-08%20business%20class%201%20passenger
2026-05-23 14:51:34,GDL,MAD,2026-09-01,2026-09-09,8,business,1,72283,Aeromexico,1 stop,14 hr 20 min,https://www.google.com/travel/flights?q=Flights%20from%20GDL%20to%20MAD%20on%202026-09-01%20returning%202026-09-09%20business%20class%201%20passenger
2026-05-23 14:52:00,GDL,MAD,2026-09-02,2026-09-09,7,business,1,63271,Aeromexico,1 stop,26 hr 36 min,https://www.google.com/travel/flights?q=Flights%20from%20GDL%20to%20MAD%20on%202026-09-02%20returning%202026-09-09%20business%20class%201%20passenger
2026-05-23 14:52:26,GDL,MAD,2026-09-02,2026-09-10,8,business,1,63271,Aeromexico,1 stop,26 hr 36 min,https://www.google.com/travel/flights?q=Flights%20from%20GDL%20to%20MAD%20on%202026-09-02%20returning%202026-09-10%20business%20class%201%20passenger
2026-05-23 14:52:51,GDL,MAD,2026-09-03,2026-09-10,7,business,1,63271,Aeromexico,1 stop,14 hr 20 min,https://www.google.com/travel/flights?q=Flights%20from%20GDL%20to%20MAD%20on%202026-09-03%20returning%202026-09-10%20business%20class%201%20passenger
